Recipe ID,Recipe Title,Recipe Category,Recipe Ingredients Quantities,Recipe Instructions,Description,Blood Pressure,Blood Sugar,High Cholesterol,Diabetes,Allergies_Meat,Allergies_Eggs,Allergies_Fish,Allergies_Peanuts,Gluten-Free,Lactose-Intolerant,Vegan,Vegetarian
1,Chapati,Bread,"All-Purpose Flour (2 cups), Water (1 cup), Salt (1/2 tsp), Oil (2 tbsp)","1. Mix flour, salt, and water to form a dough. 2. Divide into balls. 3. Roll into flat circles. 4. Cook on a griddle.","Soft and flaky Kenyan flatbread",#,#,#,#,,,,#,
2,Nyama Fry,Meat,"Beef (500g), Soy Sauce (2 tbsp), Garlic (3 cloves), Ginger (1 tsp)","1. Marinate beef in soy sauce, garlic, and ginger. 2. Fry until browned. 3. Serve with a side of vegetables.","Flavorful stir-fried meat dish",#,#,#,#,,,,,#,
3,Ugali,Staple,"Maize Flour (2 cups), Water (3 cups)","1. Boil water. 2. Gradually add maize flour, stirring to avoid lumps. 3. Cook until a thick consistency is achieved.","Staple Kenyan dish made from maize flour",#,#,#,#,,,,#,
4,Sukuma Wiki and Rice,Main Dish,"Sukuma Wiki (200g), Rice (1 cup), Onion (1), Tomatoes (2)","1. Cook rice. 2. Saute onions and tomatoes. 3. Add Sukuma Wiki and stir until cooked. 4. Serve over rice.","Balanced and nutritious meal with greens and rice",#,#,#,#,,,,#,
5,Fish Stew,Seafood,"Tilapia Fillets (4), Coconut Milk (1 cup), Tomatoes (3), Curry Powder (1 tsp)","1. Cook fish in coconut milk. 2. Add tomatoes and curry powder. 3. Simmer until fish is tender.","A flavorful fish stew with a hint of coconut",#,#,#,#,,,,,#,
6,Samosa,Snack,"Potatoes (2), Peas (1/2 cup), Ground Beef (200g), Flour (1 cup)","1. Boil and mash potatoes. 2. Mix with peas and cooked ground beef. 3. Fill into samosa wrappers and fry.","Triangular pastries filled with spiced potatoes, peas, and meat",#,#,#,#,#,#,#,#,#,#,
7,Kachumbari,Salad,"Tomatoes (4), Onions (1), Cilantro (1/4 cup), Lemon Juice (2 tbsp)","1. Dice tomatoes and onions. 2. Mix with chopped cilantro. 3. Drizzle with lemon juice.","Fresh and tangy Kenyan tomato and onion salad",#,#,#,#,#,#,#,#,#,#,
8,Matoke,Main Dish,"Green Bananas (4), Coconut Milk (1 cup), Onions (1), Garlic (2 cloves)","1. Cook chopped bananas in coconut milk. 2. Saute onions and garlic. 3. Mix together and simmer.","A traditional dish made with green bananas and coconut milk",#,#,#,#,,,,#,
9,Kenyan Tea,Beverage,"Black Tea Leaves (2 tsp), Water (1 cup), Milk (1/4 cup), Sugar (to taste)","1. Boil tea leaves in water. 2. Add milk and sugar. 3. Strain and serve hot.","Strong and sweet tea enjoyed widely in Kenya",#,#,#,#,,,,,#,
10,Chicken Pilau,Main Dish,"Chicken (500g), Basmati Rice (1 cup), Onions (1), Pilau Masala (2 tsp)","1. Cook rice. 2. Saute onions. 3. Add chicken and pilau masala. 4. Combine with rice.","A fragrant and spiced chicken and rice dish",#,#,#,#,,,,,#,
11,Grilled Tilapia,Seafood,"Tilapia Fillets (4), Lemon Juice (2 tbsp), Garlic (2 cloves), Paprika (1 tsp)","1. Marinate fish in lemon juice, minced garlic, and paprika. 2. Grill until cooked.","Healthy and delicious grilled tilapia",#,#,#,#,,,,,#,
12,Kenyan Vegetable Curry,Vegetarian,"Mixed Vegetables (2 cups), Coconut Milk (1 cup), Curry Powder (1 tsp)","1. Cook mixed vegetables in coconut milk and curry powder. 2. Serve over rice.","A flavorful and creamy vegetarian curry",#,#,#,#,,,,,#,
13,Mandazi with Coconut,Snack,"Flour (2 cups), Sugar (1/4 cup), Coconut Milk (1 cup), Oil (for frying)","1. Mix flour, sugar, and coconut milk. 2. Cut into shapes and fry until golden.","Sweet fried dough with a coconut twist",#,#,#,#,#,#,#,#,#,#,
14,Kenyan Beef Stew,Main Dish,"Beef Stew Meat (500g), Potatoes (2), Carrots (2), Tomato Paste (2 tbsp)","1. Brown beef. 2. Add diced potatoes, carrots, and tomato paste. 3. Simmer until tender.","Hearty and comforting beef stew",#,#,#,#,,,,,#,
15,Chapati Rolls with Veggies,Bread,"Chapati (4), Mixed Vegetables (1 cup), Mayonnaise (2 tbsp)","1. Saute mixed vegetables. 2. Spread mayonnaise on chapati, fill with veggies, and roll.","A tasty and portable meal with chapati and colorful veggies",#,#,#,#,#,#,#,#,#,#,
16,Coconut Rice,Side Dish,"Basmati Rice (1 cup), Coconut Milk (1 cup), Peas (1/2 cup), Turmeric (1/2 tsp)","1. Cook rice in coconut milk. 2. Add peas and turmeric for color. 3. Fluff and serve.","Fragrant and flavorful coconut-infused rice",#,#,#,#,,,,#,
17,Swahili Chicken Curry,Main Dish,"Chicken (500g), Coconut Milk (1 cup), Onions (1), Curry Powder (1 tsp)","1. Cook chicken in coconut milk and curry powder. 2. Garnish with sauteed onions.","A Swahili-inspired chicken curry",#,#,#,#,,,,,#,
18,Kenyan Mango Salad,Salad,"Mangoes (2), Avocado (1), Red Onion (1), Lime Juice (2 tbsp)","1. Dice mangoes, avocados, and red onion. 2. Drizzle with lime juice.","A refreshing Kenyan salad with mangoes, avocados, and red onion",#,#,#,#,#,#,#,#,#,#,
19,Managu Stew,Main Dish,"Managu Leaves (300g), Tomatoes (3), Onion (1), Garlic (2 cloves), Vegetable Oil (2 tbsp)","1. Saute onions and garlic. 2. Add chopped tomatoes. 3. Stir in Managu leaves until wilted. 4. Simmer until flavors meld.","A flavorful Kenyan stew featuring nutritious Managu leaves",#,#,#,#,#,#,#,#,#,#,
20,Mandazi Delight,Snack,"Flour (2 cups), Coconut Milk (1 cup), Sugar (1/4 cup), Baking Powder (1 tsp), Oil (for frying)","1. Combine flour, sugar, and baking powder. 2. Mix in coconut milk. 3. Cut into shapes and fry until golden.","A sweet and coconut-infused twist on traditional Mandazi",#,#,#,#,#,#,#,#,#,#,
21,Sukuma Wiki Wrap,Main Dish,"Sukuma Wiki (200g), Whole Wheat Tortillas (4), Avocado (1), Lemon Juice (1 tbsp), Salt (to taste)","1. Saute Sukuma Wiki until tender. 2. Fill tortillas with Sukuma Wiki, sliced avocado, and a drizzle of lemon juice.","A wholesome and green wrap featuring Sukuma Wiki",#,#,#,#,#,#,#,#,#,#,
22,Chapati Pizza,Bread,"Chapati (2), Tomato Sauce (1/2 cup), Cheese (1 cup), Bell Peppers (1), Onion (1)","1. Spread tomato sauce on chapati. 2. Sprinkle with cheese, bell peppers, and onions. 3. Bake until cheese melts.","A Kenyan fusion delight - pizza with a Chapati crust",#,#,#,#,#,#,#,#,#,#,
23,Kenyan Masala Chai,Beverage,"Black Tea Leaves (2 tsp), Water (1 cup), Milk (1/4 cup), Cardamom (2 pods), Cinnamon (1 stick), Ginger (1 tsp), Sugar (to taste)","1. Boil tea leaves, water, and spices. 2. Add milk and sugar. 3. Strain and enjoy a fragrant Masala Chai.","A spiced and aromatic tea, a favorite in Kenyan households",#,#,#,#,#,#,#,#,#,#,
24,Nyama Choma Feast,Meat,"Beef (1 kg), Salt (to taste), Black Pepper (1 tsp), Garlic (4 cloves), Vegetable Oil (2 tbsp)","1. Cut beef into chunks. 2. Season with salt, black pepper, and minced garlic. 3. Grill until charred and succulent.","A classic Kenyan BBQ dish - Nyama Choma for a festive feast",#,#,#,#,#,#,#,#,#,#,
25,Kienyeji Chicken Stew,Main Dish,"Kienyeji Chicken (1 whole), Potatoes (3), Carrots (2), Peas (1/2 cup), Tomato Paste (2 tbsp)","1. Cut chicken into pieces. 2. Brown in a pot. 3. Add diced potatoes, carrots, and tomato paste. 4. Simmer until chicken is cooked through.","A hearty stew with traditional Kienyeji Chicken",#,#,#,#,#,#,#,#,#,#,
26,Irio Delight,Main Dish,"Green Peas (1 cup), Mashed Potatoes (2 cups), Maize (Corn) (1 cup), Carrots (1), Butter (2 tbsp)","1. Boil green peas, maize, and carrots. 2. Mash potatoes. 3. Mix all ingredients with butter.","A comforting Kenyan dish with mashed potatoes and mixed vegetables",#,#,#,#,#,#,#,#,#,#,
27,Mango Avocado Salsa,Salad,"Mangoes (2), Avocado (1), Red Onion (1), Cilantro (1/4 cup), Lime Juice (2 tbsp)","1. Dice mango, avocado, and onion. 2. Mix with chopped cilantro. 3. Drizzle with lime juice.","A vibrant and fruity salsa with a Kenyan twist",#,#,#,#,#,#,#,#,#,#,
28,Sukuma Wiki Omelette,Breakfast,"Sukuma Wiki (100g), Eggs (3), Onion (1), Tomato (1), Salt (to taste)","1. Saute Sukuma Wiki, onion, and tomato. 2. Whisk eggs and pour over sauteed mixture. 3. Cook until set.","A nutritious and savory omelette with Sukuma Wiki",#,#,#,#,#,#,#,#,#,#,
29,Githeri Delicacy,Main Dish,"Maize (Corn) (1 cup), Beans (1 cup), Potatoes (2), Onion (1), Tomatoes (2)","1. Boil maize and beans until tender. 2. Add diced potatoes, onions, and tomatoes. 3. Simmer until flavors meld.","A classic Kenyan dish with a mix of maize, beans, and potatoes",#,#,#,#,#,#,#,#,#,#,
30,Banana Chapati Rolls,Snack,"Ripe Bananas (2), Chapati (4), Honey (2 tbsp), Ground Cinnamon (1/2 tsp)","1. Mash bananas. 2. Spread mashed bananas on chapati, drizzle with honey, and sprinkle cinnamon. 3. Roll and enjoy!","Sweet and satisfying rolls with ripe bananas and a hint of cinnamon",#,#,#,#,#,#,#,#,#,#,
31,Kachumbari Pizza,Bread,"Pizza Dough (1), Tomatoes (2), Onion (1), Green Bell Pepper (1), Cilantro (1/4 cup)","1. Roll out pizza dough. 2. Spread chopped tomatoes, onions, bell pepper, and cilantro. 3. Bake until crust is golden.","A fusion pizza with the freshness of Kachumbari salad",#,#,#,#,#,#,#,#,#,#,
32,Chai Spiced Cookies,Dessert,"All-Purpose Flour (2 cups), Butter (1 cup), Sugar (1 cup), Eggs (2), Chai Spice Mix (1 tbsp), Baking Powder (1 tsp)","1. Cream butter and sugar. 2. Add eggs and chai spice mix. 3. Mix in flour and baking powder. 4. Bake until golden.","Delicious chai-spiced cookies for a flavorful treat",#,#,#,#,#,#,#,#,#,#,
33,Mahamri Delight,Snack,"All-Purpose Flour (2 cups), Coconut Milk (1 cup), Sugar (1/4 cup), Cardamom (1 tsp), Baking Powder (1 tsp), Oil (for frying)","1. Mix flour, sugar, cardamom, and baking powder with coconut milk. 2. Cut into shapes and fry until golden.","Sweet and fluffy Mahamri, a popular coastal Kenyan snack",#,#,#,#,#,#,#,#,#,#,
34,Nyoyo Fusion Bowl,Main Dish,"Quinoa (1 cup), Black Beans (1/2 cup), Sweet Potatoes (2), Avocado (1), Lime Juice (2 tbsp), Cilantro (1/4 cup)","1. Cook quinoa, black beans, and sweet potatoes. 2. Assemble in a bowl with sliced avocado. 3. Drizzle with lime juice and garnish with cilantro.","A wholesome bowl with a fusion of flavors and textures",#,#,#,#,#,#,#,#,#,#,
35,Sweet Plantain Fritters,Snack,"Ripe Plantains (2), All-Purpose Flour (1 cup), Sugar (1/4 cup), Baking Powder (1 tsp), Water (1/2 cup), Oil (for frying)","1. Slice plantains. 2. Dip in batter made of flour, sugar, baking powder, and water. 3. Fry until golden.","Irresistible fritters with sweet and caramelized plantains",#,#,#,#,#,#,#,#,#,#,
36,Managu Delight,Main Dish,"Managu (African Nightshade) (200g), Onions (1), Tomatoes (2), Garlic (2 cloves), Vegetable Oil (2 tbsp)","1. Saute onions and garlic. 2. Add chopped Managu and tomatoes. 3. Cook until Managu is tender.","A nutritious and flavorful dish featuring Managu (African Nightshade)",#,#,#,#,#,#,#,#,#,#,
37,Mango Lassi Smoothie,Beverage,"Mango (1), Yogurt (1 cup), Milk (1/2 cup), Sugar (2 tbsp), Cardamom (1/2 tsp)","1. Blend mango, yogurt, milk, sugar, and cardamom until smooth.","A refreshing and creamy mango lassi smoothie",#,#,#,#,#,#,#,#,#,#,
38,Kienyeji Chicken Stew,Main Dish,"Kienyeji Chicken (500g), Potatoes (2), Carrots (2), Onion (1), Tomato Paste (2 tbsp)","1. Brown Kienyeji chicken. 2. Add diced potatoes, carrots, onions, and tomato paste. 3. Simmer until chicken is cooked through.","A hearty and traditional Kenyan chicken stew",#,#,#,#,#,#,#,#,#,#,
39,Sukuma Wiki Wrap,Main Dish,"Sukuma Wiki (200g), Chapati (4), Avocado (1), Lemon Juice (2 tbsp), Salt (to taste)","1. Saute Sukuma Wiki. 2. Spread Sukuma Wiki on chapati, add sliced avocado, and drizzle with lemon juice. 3. Roll and enjoy!","A tasty wrap with the goodness of Sukuma Wiki and avocado",#,#,#,#,#,#,#,#,#,#,
40,Baobab Citrus Salad,Salad,"Baobab Fruit Pulp (1/2 cup), Oranges (2), Grapefruit (1), Mint Leaves (1/4 cup), Honey (2 tbsp)","1. Mix baobab fruit pulp with citrus segments. 2. Garnish with mint leaves and drizzle with honey.","A refreshing salad featuring baobab fruit and citrus",#,#,#,#,#,#,#,#,#,#,
41,Sweet Potato Porridge,Breakfast,"Sweet Potatoes (2), Coconut Milk (1 cup), Cinnamon (1/2 tsp), Nutmeg (1/4 tsp), Brown Sugar (2 tbsp)","1. Boil and mash sweet potatoes. 2. Mix with coconut milk, cinnamon, nutmeg, and brown sugar. 3. Heat until warm.","A comforting and spiced sweet potato porridge",#,#,#,#,#,#,#,#,#,#,
42,Maharagwe Stew,Main Dish,"Black Beans (1 cup), Coconut Milk (1 cup), Tomatoes (2), Onion (1), Garlic (2 cloves)","1. Cook black beans. 2. Add coconut milk, diced tomatoes, onions, and garlic. 3. Simmer until flavors meld.","A rich and flavorful stew made with black beans and coconut milk",#,#,#,#,#,#,#,#,#,#,
43,Banana Millet Pancakes,Breakfast,"Millet Flour (1 cup), Ripe Bananas (2), Milk (1 cup), Baking Powder (1 tsp), Vanilla Extract (1/2 tsp)","1. Mash bananas. 2. Mix with millet flour, milk, baking powder, and vanilla extract. 3. Cook into pancakes.","Wholesome and gluten-free pancakes with millet and banana",#,#,#,#,#,#,#,#,#,#,
44,Garlic Butter Prawns,Seafood,"Prawns (300g), Butter (2 tbsp), Garlic (3 cloves), Lemon Juice (2 tbsp), Parsley (1/4 cup)","1. Saute prawns in garlic butter. 2. Add lemon juice and chopped parsley. 3. Cook until prawns are pink and cooked through.","Buttery and flavorful garlic butter prawns for seafood lovers",#,#,#,#,#,#,#,#,#,#,
45,Chapati Nachos,Appetizer,"Chapati (4), Black Beans (1/2 cup), Cheese (1 cup), Jalapeños (2, sliced), Sour Cream (1/2 cup)","1. Cut chapati into triangles. 2. Top with black beans, cheese, and jalapeños. 3. Bake until cheese is melted. 4. Serve with sour cream.","A Kenyan twist on classic nachos using chapati as the base",#,#,#,#,#,#,#,#,#,#,
46,Irio (Mashed Peas and Potatoes),Side Dish,"Green Peas (1 cup), Potatoes (2), Corn Kernels (1/2 cup), Butter (2 tbsp), Salt (to taste)","1. Boil peas, potatoes, and corn. 2. Mash together with butter and salt. 3. Serve hot.","A classic Kenyan dish blending mashed peas, potatoes, and corn",#,#,#,#,#,#,#,#,#,#,
47,Coconut Lentil Curry,Vegetarian,"Lentils (1 cup), Coconut Milk (1 cup), Tomatoes (2), Onion (1), Curry Powder (1 tsp)","1. Cook lentils. 2. Add coconut milk, diced tomatoes, onions, and curry powder. 3. Simmer until lentils are tender.","A flavorful vegetarian curry with the richness of coconut",#,#,#,#,#,#,#,#,#,#,
48,Bhajia (Spiced Potato Fritters),Appetizer,"Potatoes (2), Chickpea Flour (1 cup), Chili Powder (1 tsp), Turmeric (1/2 tsp), Water (1/2 cup)","1. Slice potatoes. 2. Dip in chickpea flour batter with chili powder and turmeric. 3. Fry until golden brown.","Spiced potato fritters, perfect for snacking or appetizers",#,#,#,#,#,#,#,#,#,#,
49,Swahili Coconut Bean Soup,Soup,"Black-eyed Beans (1 cup), Coconut Milk (1 cup), Onion (1), Garlic (2 cloves), Ginger (1 tsp)","1. Cook black-eyed beans. 2. Add coconut milk, diced onions, garlic, and ginger. 3. Simmer into a hearty soup.","A comforting Swahili soup with black-eyed beans and coconut",#,#,#,#,#,#,#,#,#,#,
50,Sukuma Wiki Pizza,Main Dish,"Sukuma Wiki (200g), Pizza Dough (1), Tomato Sauce (1/2 cup), Cheese (1 cup), Bell Peppers (Assorted, sliced)","1. Saute Sukuma Wiki. 2. Spread tomato sauce on pizza dough. 3. Top with Sukuma Wiki, cheese, and bell peppers. 4. Bake until crust is golden.","A creative fusion of Sukuma Wiki and pizza for a unique meal",#,#,#,#,#,#,#,#,#,#,
51,Kenyan Masala Chai,Beverage,"Black Tea Leaves (2 tsp), Water (1 cup), Milk (1/4 cup), Ginger (1/2 tsp), Cardamom (2 pods)","1. Boil tea leaves in water with ginger and cardamom. 2. Add milk. 3. Strain and enjoy aromatic masala chai.","A spiced and fragrant tea, a staple in Kenyan households",#,#,#,#,#,#,#,#,#,#,
52,Githeri (Maize and Beans Stew),Main Dish,"Maize (1 cup), Black Beans (1 cup), Onion (1), Tomatoes (2), Garlic (2 cloves)","1. Boil maize and black beans. 2. Saute onions, garlic, and tomatoes. 3. Combine all ingredients. 4. Simmer until flavors meld.","A traditional Kenyan stew combining maize and black beans",#,#,#,#,#,#,#,#,#,#,
53,Kaimati (Sweet Dumplings),Dessert,"All-Purpose Flour (2 cups), Sugar (1/2 cup), Coconut Milk (1 cup), Cardamom Powder (1/2 tsp), Baking Powder (1 tsp)","1. Mix flour, sugar, coconut milk, cardamom powder, and baking powder. 2. Shape into dumplings. 3. Fry until golden. 4. Sprinkle with sugar.","Sweet and indulgent dumplings, a popular Kenyan dessert",#,#,#,#,#,#,#,#,#,#,
54,Chakalaka (Spicy Vegetable Relish),Side Dish,"Cabbage (1/2), Carrots (2), Bell Peppers (Assorted, 2), Onion (1), Tomato Sauce (1/2 cup)","1. Shred cabbage, carrots, and bell peppers. 2. Saute with onions and tomato sauce. 3. Cook until vegetables are tender.","A flavorful and spicy vegetable relish to accompany meals",#,#,#,#,#,#,#,#,#,#,
55,Mbaazi (Pigeon Peas in Coconut Sauce),Main Dish,"Pigeon Peas (1 cup), Coconut Milk (1 cup), Onion (1), Garlic (2 cloves), Tomato (1)","1. Cook pigeon peas. 2. Add coconut milk, diced onions, garlic, and tomatoes. 3. Simmer until peas are tender.","A rich and creamy dish featuring pigeon peas in coconut sauce",#,#,#,#,#,#,#,#,#,#,
56,Mahamri (Coconut Doughnuts),Dessert,"All-Purpose Flour (2 cups), Coconut Milk (1 cup), Sugar (1/4 cup), Cardamom Powder (1/2 tsp), Baking Powder (1 tsp)","1. Mix flour, coconut milk, sugar, cardamom powder, and baking powder. 2. Shape into rounds. 3. Fry until golden brown.","Sweet and aromatic coconut-infused doughnuts, a festive treat",#,#,#,#,#,#,#,#,#,#,
57,Sukuma Wiki Wrap,Main Dish,"Sukuma Wiki (200g), Tortillas (4), Avocado (1), Tomatoes (2), Onion (1)","1. Saute Sukuma Wiki. 2. Fill tortillas with Sukuma Wiki, sliced avocado, diced tomatoes, and onions.","A quick and flavorful wrap featuring Sukuma Wiki",#,#,#,#,#,#,#,#,#,#,
58,Kunde (Cowpeas in Coconut Sauce),Main Dish,"Cowpeas (1 cup), Coconut Milk (1 cup), Onion (1), Garlic (2 cloves), Chili Flakes (1/2 tsp)","1. Cook cowpeas. 2. Add coconut milk, diced onions, garlic, and chili flakes. 3. Simmer until cowpeas are tender.","A delicious and creamy dish showcasing cowpeas in coconut sauce",#,#,#,#,#,#,#,#,#,#,
59,Mandazi with Honey,Snack,"All-Purpose Flour (2 cups), Sugar (1/4 cup), Coconut Milk (1 cup), Oil (for frying), Honey (for drizzling)","1. Mix flour, sugar, and coconut milk. 2. Fry until golden. 3. Drizzle with honey before serving.","Sweet fried dough with a touch of honey, a delightful snack",#,#,#,#,#,#,#,#,#,#,
60,Kachori (Spiced Lentil Pastries),Snack,"Lentils (1 cup), All-Purpose Flour (2 cups), Garam Masala (1 tsp), Cumin Seeds (1 tsp), Oil (for frying)","1. Cook lentils. 2. Mix lentils, flour, garam masala, and cumin seeds. 3. Shape into rounds and fry until golden.","Spiced lentil-filled pastries, a popular snack in Kenyan cuisine",#,#,#,#,#,#,#,#,#,#,
61,Nyama Choma (Grilled Meat),Meat,"Beef Cubes (500g), Soy Sauce (2 tbsp), Garlic (3 cloves), Lemon Juice (2 tbsp)","1. Marinate beef in soy sauce, garlic, and lemon juice. 2. Grill until cooked to your liking.","Classic Kenyan grilled meat, perfect for gatherings and celebrations",#,#,#,#,#,#,#,#,#,#,
62,Gurasa (Sesame Seed Flatbread),Bread,"All-Purpose Flour (2 cups), Sesame Seeds (1/4 cup), Water (1 cup), Oil (2 tbsp)","1. Mix flour, sesame seeds, and water to form a dough. 2. Divide into balls. 3. Roll into flat circles. 4. Cook on a griddle.","Flatbread with a nutty crunch from sesame seeds, a delightful accompaniment",#,#,#,#,#,#,#,#,#,#,
63,Kidney Bean Stew,Main Dish,"Kidney Beans (1 cup), Coconut Milk (1 cup), Onion (1), Garlic (2 cloves), Tomato Paste (2 tbsp)","1. Cook kidney beans. 2. Add coconut milk, diced onions, garlic, and tomato paste. 3. Simmer until beans are tender.","Hearty stew featuring kidney beans in a flavorful coconut sauce",#,#,#,#,#,#,#,#,#,#,
64,Kahawa (Kenyan Coffee),Beverage,"Ground Coffee (2 tbsp), Water (1 cup), Sugar (to taste), Cardamom (2 pods), Cinnamon Stick (1)","1. Brew coffee with cardamom and a cinnamon stick. 2. Add sugar to taste. 3. Serve hot.","Strong and spiced Kenyan coffee, a morning ritual for many",#,#,#,#,#,#,#,#,#,#,
65,Murungai (Moringa) Smoothie,Beverage,"Moringa Leaves (1 cup), Banana (1), Yogurt (1/2 cup), Honey (2 tbsp), Water (1/2 cup)","1. Blend moringa leaves, banana, yogurt, honey, and water until smooth. 2. Serve chilled.","A nutritious and vibrant smoothie featuring moringa leaves",#,#,#,#,#,#,#,#,#,#,
66,Mbaazi (Pigeon Peas in Coconut Sauce),Main Dish,"Pigeon Peas (1 cup), Coconut Milk (1 cup), Onion (1), Garlic (2 cloves), Turmeric Powder (1/2 tsp)","1. Cook pigeon peas. 2. Add coconut milk, diced onions, garlic, and turmeric powder. 3. Simmer until peas are tender.","A flavorful dish featuring pigeon peas in a rich coconut sauce",#,#,#,#,#,#,#,#,#,#,
67,Kunde Salad,Salad,"Cowpeas (1 cup), Tomatoes (2), Cucumber (1), Red Onion (1), Lemon Juice (2 tbsp)","1. Boil cowpeas. 2. Dice tomatoes, cucumber, and red onion. 3. Toss all ingredients with lemon juice.","A refreshing salad showcasing boiled cowpeas with vibrant vegetables",#,#,#,#,#,#,#,#,#,#,
68,Chapati Pizza,Bread,"Chapati (2), Tomato Sauce (1/2 cup), Cheese (1/2 cup), Bell Peppers (1), Onions (1), Olives (1/4 cup)","1. Spread tomato sauce on chapati. 2. Add cheese, bell peppers, onions, and olives. 3. Bake until cheese is melted.","A fusion of Kenyan chapati and pizza, a creative and tasty twist",#,#,#,#,#,#,#,#,#,#,
69,Managu (African Nightshade) Saute,Side Dish,"Managu Leaves (2 cups), Garlic (2 cloves), Olive Oil (1 tbsp), Salt (to taste)","1. Saute managu leaves with minced garlic in olive oil. 2. Season with salt to taste.","A simple and nutritious saute featuring Managu leaves",#,#,#,#,#,#,#,#,#,#,
70,Githeri,Main Dish,"Maize (1 cup), Beans (1 cup), Onion (1), Tomatoes (2), Water (3 cups)","1. Boil maize and beans until tender. 2. Saute diced onions and tomatoes. 3. Mix with boiled maize and beans.","A traditional Kenyan dish combining maize and beans in a flavorful stew",#,#,#,#,#,#,#,#,#,#,
71,Sukuma Wiki and Lentil Stew,Main Dish,"Sukuma Wiki (200g), Lentils (1 cup), Onion (1), Garlic (2 cloves), Tomatoes (2)","1. Cook lentils. 2. Saute onions, garlic, and tomatoes. 3. Add Sukuma Wiki and simmer until cooked.","A nutritious stew featuring Sukuma Wiki and protein-rich lentils",#,#,#,#,#,#,#,#,#,#,
72,Chai Poa (Kenyan Spiced Tea),Beverage,"Black Tea Leaves (2 tsp), Water (1 cup), Milk (1/4 cup), Ginger (1/2 inch), Cinnamon Stick (1)","1. Boil tea leaves with ginger and a cinnamon stick. 2. Add milk and sugar to taste. 3. Strain and serve hot.","A warming spiced tea, a favorite beverage in Kenyan households",#,#,#,#,#,#,#,#,#,#,
73,Maharagwe (Kenyan Coconut Beans),Main Dish,"Kidney Beans (1 cup), Coconut Milk (1 cup), Onion (1), Garlic (2 cloves), Chili Flakes (1/2 tsp)","1. Cook kidney beans. 2. Add coconut milk, diced onions, garlic, and chili flakes. 3. Simmer until beans are tender.","Beans cooked in rich coconut milk, a creamy and flavorful dish",#,#,#,#,#,#,#,#,#,#,
74,Karanga (Peanut) Soup,Soup,"Peanuts (1/2 cup), Sweet Potatoes (2), Onion (1), Garlic (2 cloves), Vegetable Broth (2 cups)","1. Roast peanuts. 2. Saute diced sweet potatoes, onions, and garlic. 3. Blend with vegetable broth until smooth.","A comforting soup featuring roasted peanuts and sweet potatoes",#,#,#,#,#,#,#,#,#,#,
75,Pilipili Hoho (Stuffed Bell Peppers),Main Dish,"Bell Peppers (4), Minced Beef (300g), Rice (1/2 cup), Onion (1), Tomato Sauce (1/2 cup)","1. Cook rice. 2. Saute minced beef, diced onions, and tomato sauce. 3. Stuff bell peppers and bake.","Colorful bell peppers stuffed with a flavorful mixture of beef and rice",#,#,#,#,#,#,#,#,#,#,
76,Kienyeji Chicken Stew,Main Dish,"Kienyeji Chicken (500g), Potatoes (2), Carrots (2), Bell Peppers (1), Tomato Paste (2 tbsp)","1. Brown kienyeji chicken. 2. Add diced potatoes, carrots, bell peppers, and tomato paste. 3. Simmer until tender.","A hearty stew featuring local kienyeji chicken and colorful vegetables",#,#,#,#,#,#,#,#,#,#,
77,Sweet Potato and Coconut Soup,Soup,"Sweet Potatoes (2), Coconut Milk (1 cup), Onion (1), Garlic (2 cloves), Vegetable Broth (2 cups)","1. Saute diced sweet potatoes, onions, and garlic. 2. Add coconut milk and vegetable broth. 3. Blend until smooth.","A velvety soup combining the sweetness of potatoes with the richness of coconut",#,#,#,#,#,#,#,#,#,#,
78,Kachori Chaat,Snack,"Green Gram Lentils (1 cup), Flour (1 cup), Potatoes (2), Tamarind Chutney (2 tbsp), Yogurt (1/2 cup)","1. Cook lentils. 2. Prepare dough with flour and fry into balls. 3. Stuff with spiced potatoes. 4. Top with yogurt and tamarind chutney.","A delightful Indian-inspired chaat featuring lentil-stuffed fried balls",#,#,#,#,#,#,#,#,#,#,
79,Masala Tea Popsicles,Dessert,"Black Tea Leaves (2 tsp), Water (1 cup), Milk (1/4 cup), Sugar (to taste), Chai Masala (1/2 tsp)","1. Brew tea with chai masala. 2. Add milk and sugar. 3. Freeze in popsicle molds.","A frozen treat with the flavors of masala tea in delightful popsicles",#,#,#,#,#,#,#,#,#,#,
80,Sukuma Wiki Wrap,Bread,"Sukuma Wiki (200g), Chapati (2), Avocado (1), Tomato (1), Mayonnaise (2 tbsp)","1. Saute Sukuma Wiki. 2. Spread mayonnaise on chapati. 3. Add sauteed greens, sliced avocado, and tomato. 4. Roll into a wrap.","A wholesome wrap filled with sauteed Sukuma Wiki, avocado, and mayo",#,#,#,#,#,#,#,#,#,#,
81,Kunde (Cowpeas) Curry,Main Dish,"Cowpeas (1 cup), Coconut Milk (1 cup), Onion (1), Garlic (2 cloves), Curry Powder (1 tsp)","1. Cook cowpeas. 2. Saute onions, garlic, and curry powder. 3. Add coconut milk. 4. Simmer until flavors meld.","A rich and aromatic curry featuring tender cowpeas in coconut milk",#,#,#,#,#,#,#,#,#,#,
82,Mahamri (Swahili Doughnuts),Dessert,"All-Purpose Flour (2 cups), Coconut Milk (1/2 cup), Sugar (1/4 cup), Coconut Flakes (for garnish)","1. Mix flour, coconut milk, and sugar into a dough. 2. Shape into rounds and fry until golden. 3. Garnish with coconut flakes.","Sweet and fluffy Swahili doughnuts, a delightful treat",#,#,#,#,#,#,#,#,#,#,
83,Pilipili Kuku (Spicy Chicken),Main Dish,"Chicken Pieces (500g), Chili Powder (1 tsp), Garlic (3 cloves), Ginger (1 tsp), Yogurt (1/4 cup)","1. Marinate chicken in chili powder, minced garlic, ginger, and yogurt. 2. Grill or roast until cooked.","Fiery and flavorful spicy chicken, a perfect dish for spice enthusiasts",#,#,#,#,#,#,#,#,#,#,
84,Mango Bhel Salad,Salad,"Raw Mango (1), Puffed Rice (1 cup), Onion (1), Tomatoes (2), Cilantro (1/4 cup)","1. Dice mango, onions, and tomatoes. 2. Mix with puffed rice and chopped cilantro.","A tangy and crunchy salad featuring the sweetness of ripe mangoes",#,#,#,#,#,#,#,#,#,#,
85,Sukuma Wiki and Lentil Samosas,Snack,"Sukuma Wiki (200g), Red Lentils (1/2 cup), Flour (1 cup), Oil (for frying)","1. Cook lentils and saute Sukuma Wiki. 2. Mix with flour to form a dough. 3. Fill with lentil and greens mixture, then fry.","Triangular pastries filled with spiced lentils and sauteed Sukuma Wiki",#,#,#,#,#,#,#,#,#,#,
86,Maharagwe (Kenyan Bean Stew),Main Dish,"Kidney Beans (1 cup), Coconut Milk (1 cup), Onion (1), Garlic (2 cloves), Tomato Paste (2 tbsp)","1. Cook kidney beans. 2. Saute onions, garlic, and tomato paste. 3. Add coconut milk. 4. Simmer until thickened.","A creamy and satisfying Kenyan bean stew with the richness of coconut milk",#,#,#,#,#,#,#,#,#,#,
87,Sukuma Wiki and Lentil Curry,Main Dish,"Sukuma Wiki (200g), Red Lentils (1/2 cup), Coconut Milk (1 cup), Onion (1), Curry Powder (1 tsp)","1. Cook lentils and saute Sukuma Wiki. 2. Add coconut milk, onions, and curry powder. 3. Simmer until flavors meld.","A flavorful and nutritious curry featuring lentils and sauteed Sukuma Wiki",#,#,#,#,#,#,#,#,#,#,
88,Coconut Mandazi with Pineapple,Snack,"All-Purpose Flour (2 cups), Coconut Milk (1 cup), Sugar (1/4 cup), Pineapple (1 cup, diced), Oil (for frying)","1. Mix flour, coconut milk, and sugar into a dough. 2. Incorporate diced pineapple. 3. Cut into shapes and fry until golden.","Sweet fried dough with coconut and bursts of juicy pineapple",#,#,#,#,#,#,#,#,#,#,
89,Kamande (Cowpeas) Salad,Salad,"Cowpeas (1 cup, boiled), Avocado (1), Red Onion (1), Cilantro (1/4 cup), Lemon Juice (2 tbsp)","1. Mix boiled cowpeas with diced avocado, red onion, cilantro. 2. Drizzle with lemon juice.","A refreshing salad featuring protein-packed cowpeas and creamy avocado",#,#,#,#,#,#,#,#,#,#,
90,Mango Lassi Smoothie,Beverage,"Ripe Mango (1), Yogurt (1/2 cup), Milk (1/2 cup), Honey (2 tbsp)","1. Blend ripe mango, yogurt, milk, and honey until smooth.","A deliciously smooth and tropical mango lassi in refreshing smoothie form",#,#,#,#,#,#,#,#,#,#,
91,Kunde (Cowpeas) Stew,Main Dish,"Cowpeas (1 cup), Tomatoes (2), Onion (1), Garlic (2 cloves), Paprika (1 tsp)","1. Cook cowpeas. 2. Saute onions, garlic, and paprika. 3. Add diced tomatoes. 4. Simmer until well-cooked.","A flavorful stew showcasing the earthy taste of cowpeas in a rich tomato base",#,#,#,#,#,#,#,#,#,#,
92,Sweet Potato Chapati,Bread,"Sweet Potatoes (2, boiled and mashed), Wheat Flour (2 cups), Water (1/2 cup), Oil (2 tbsp)","1. Mix sweet potatoes, wheat flour, water, and oil into a dough. 2. Roll into flat circles and cook on a griddle.","Soft chapati with the natural sweetness and vibrant color of sweet potatoes",#,#,#,#,#,#,#,#,#,#,
93,Kachumbari Stuffed Avocado,Appetizer,"Avocado (2), Tomatoes (2), Onion (1), Cilantro (1/4 cup), Lemon Juice (2 tbsp)","1. Dice tomatoes, onions, and cilantro. 2. Mix with lemon juice. 3. Stuff avocados with the kachumbari mixture.","A light and refreshing appetizer featuring avocados stuffed with vibrant kachumbari",#,#,#,#,#,#,#,#,#,#,
94,Pumpkin Stew with Groundnut,Main Dish,"Pumpkin (2 cups, diced), Groundnut Paste (1/2 cup), Onion (1), Garlic (2 cloves), Vegetable Broth (1 cup)","1. Saute onions and garlic. 2. Add diced pumpkin, groundnut paste, and vegetable broth. 3. Simmer until pumpkin is tender.","A comforting stew featuring the natural sweetness of pumpkin and the richness of groundnut paste",#,#,#,#,#,#,#,#,#,#,
95,Cassava Fries with Chili Dip,Appetizer,"Cassava (2 cups, cut into fries), Oil (for frying), Chili Sauce (1/4 cup)","1. Fry cassava fries until golden. 2. Serve with a spicy chili dip.","Crispy cassava fries with a spicy kick, perfect for snacking",#,#,#,#,#,#,#,#,#,#,
96,Kenyan Sukuma Wiki Pizza,Pizza,"Pizza Dough (1 ball), Sukuma Wiki (200g, sauteed), Tomato Sauce (1/2 cup), Mozzarella Cheese (1 cup), Olive Oil (1 tbsp)","1. Roll out pizza dough. 2. Spread tomato sauce. 3. Add sauteed Sukuma Wiki. 4. Top with mozzarella cheese. 5. Drizzle with olive oil. 6. Bake until crust is golden and cheese is bubbly.","A unique Kenyan twist on pizza featuring the goodness of Sukuma Wiki",#,#,#,#,#,#,#,#,#,#,
97,Mango and Avocado Salsa,Salsa,"Mango (1, diced), Avocado (1, diced), Red Onion (1, finely chopped), Cilantro (1/4 cup, chopped), Lime Juice (2 tbsp)","1. Combine diced mango, avocado, red onion, and cilantro. 2. Drizzle with lime juice.","A vibrant and fruity salsa with the sweetness of mango and creaminess of avocado",#,#,#,#,#,#,#,#,#,#,
98,Bhajia (Spiced Potato Fritters),Appetizer,"Potatoes (2, thinly sliced), Chickpea Flour (1 cup), Turmeric (1/2 tsp), Chili Powder (1 tsp), Water (1/2 cup), Oil (for frying)","1. Mix chickpea flour, turmeric, chili powder, and water into a batter. 2. Dip potato slices and fry until golden.","Spiced potato fritters, a popular Kenyan street food snack",#,#,#,#,#,#,#,#,#,#,
99,Kienyeji Chicken Roast,Main Dish,"Kienyeji Chicken (1, whole), Ginger-Garlic Paste (2 tbsp), Yogurt (1/2 cup), Paprika (1 tsp), Garam Masala (1 tsp), Lemon Juice (2 tbsp)","1. Marinate chicken in ginger-garlic paste, yogurt, paprika, garam masala, and lemon juice. 2. Roast until golden and cooked through.","A flavorful and aromatic roasted Kienyeji chicken, perfect for special occasions",#,#,#,#,#,#,#,#,#,#,
100,Kamande (Cowpeas) Pilau,Main Dish,"Rice (1 cup), Cowpeas (1/2 cup, boiled), Onions (1), Pilau Masala (2 tsp), Garlic (2 cloves), Vegetable Broth (2 cups)","1. Saute onions and garlic. 2. Add rice, boiled cowpeas, pilau masala, and vegetable broth. 3. Cook until rice is fluffy.","A fragrant and hearty pilau featuring the wholesome goodness of cowpeas",#,#,#,#,#,#,#,#,#,#,
101,Sukuma Wiki Omelette,Breakfast,"Eggs (2), Sukuma Wiki (1 cup, finely chopped), Onion (1, finely chopped), Tomato (1, diced), Salt (to taste), Oil (1 tbsp)","1. Saute onions and Sukuma Wiki. 2. Beat eggs and pour over the sauteed mixture. 3. Add diced tomatoes. 4. Cook until eggs are set.","A nutritious and flavorful omelette with the goodness of Sukuma Wiki",#,#,#,#,#,#,#,#,#,#,
102,Mango Chutney,Condiment,"Mangoes (2, diced), Red Onion (1, finely chopped), Ginger (1 tsp, grated), Chili Flakes (1/2 tsp), Brown Sugar (2 tbsp), Vinegar (2 tbsp)","1. Combine diced mangoes, red onion, ginger, chili flakes, brown sugar, and vinegar. 2. Simmer until thickened.","A sweet and tangy chutney with the tropical flavor of mangoes",#,#,#,#,#,#,#,#,#,#,
103,Managu and Lentil Soup,Soup,"Managu (1 cup, chopped), Red Lentils (1/2 cup), Onion (1), Garlic (2 cloves), Vegetable Broth (4 cups), Turmeric (1/2 tsp)","1. Saute onions and garlic. 2. Add Managu, red lentils, vegetable broth, and turmeric. 3. Simmer until lentils are tender.","A nourishing and comforting soup featuring the leafy green Managu and protein-rich lentils",#,#,#,#,#,#,#,#,#,#,
104,Fruity Yogurt Parfait,Dessert,"Yogurt (1 cup), Granola (1/2 cup), Mixed Berries (1/2 cup), Honey (2 tbsp), Nuts (1/4 cup, chopped)","1. Layer yogurt, granola, mixed berries, and nuts in a glass. 2. Drizzle with honey.","A delightful and healthy parfait with the goodness of yogurt, berries, and nuts",#,#,#,#,#,#,#,#,#,#,
105,Kenyan Masala Chai,Beverage,"Black Tea Leaves (2 tsp), Water (1 cup), Milk (1/2 cup), Ginger (1 tsp, grated), Cardamom (2 pods), Sugar (to taste)","1. Boil tea leaves, water, ginger, and cardamom. 2. Add milk and sugar. 3. Strain and serve hot.","A spiced and aromatic Kenyan masala chai, perfect for cozy evenings",#,#,#,#,#,#,#,#,#,#,
106,Sweet Potato Chapati,Bread,"Sweet Potatoes (2, boiled and mashed), Wheat Flour (1 cup), Water (1/2 cup), Salt (1/2 tsp), Oil (1 tbsp)","1. Mix mashed sweet potatoes, wheat flour, water, and salt to form a dough. 2. Divide into balls and roll into chapatis. 3. Cook on a griddle with a drizzle of oil.","Chapatis with a sweet twist, combining the goodness of sweet potatoes and whole wheat",#,#,#,#,#,#,#,#,#,#,
107,Coconut Bean Soup,Soup,"Black Beans (1 cup, cooked), Coconut Milk (1 cup), Onion (1), Garlic (2 cloves), Cumin (1/2 tsp), Coriander (1/2 tsp), Vegetable Broth (2 cups)","1. Saute onions and garlic. 2. Add cooked black beans, coconut milk, cumin, coriander, and vegetable broth. 3. Simmer until flavors meld.","A creamy and flavorful bean soup infused with the tropical taste of coconut",#,#,#,#,#,#,#,#,#,#,
108,Kachori Snack,Snack,"Green Grams (1/2 cup, soaked), Wheat Flour (1 cup), Onion (1, finely chopped), Green Chili (1, finely chopped), Cumin Seeds (1/2 tsp), Oil (for frying)","1. Mix soaked green grams, wheat flour, chopped onion, green chili, and cumin seeds to form a dough. 2. Shape into balls, flatten, and fry until golden.","Deep-fried savory balls filled with a spiced mixture of green grams and onions",#,#,#,#,#,#,#,#,#,#,
109,Cassava Fries,Appetizer,"Cassava (2, peeled and cut into fries), Olive Oil (2 tbsp), Paprika (1 tsp), Garlic Powder (1/2 tsp), Salt (to taste)","1. Toss cassava fries with olive oil, paprika, garlic powder, and salt. 2. Bake until golden and crispy.","A delicious and healthy alternative to traditional fries, using cassava for a unique flavor",#,#,#,#,#,#,#,#,#,#,
110,Sukuma Wiki Salad,Salad,"Sukuma Wiki (1 cup, blanched), Cherry Tomatoes (1 cup, halved), Feta Cheese (1/4 cup, crumbled), Balsamic Vinaigrette (2 tbsp)","1. Combine blanched Sukuma Wiki, cherry tomatoes, and crumbled feta cheese. 2. Drizzle with balsamic vinaigrette.","A refreshing and nutrient-packed salad featuring the vibrant Sukuma Wiki",#,#,#,#,#,#,#,#,#,#,
111,Swahili Coconut Pancakes,Breakfast,"All-Purpose Flour (1 cup), Coconut Milk (1 cup), Sugar (2 tbsp), Baking Powder (1 tsp), Vanilla Extract (1/2 tsp), Coconut Flakes (for garnish)","1. Mix flour, coconut milk, sugar, baking powder, and vanilla extract to form a batter. 2. Cook pancakes and garnish with coconut flakes.","Delicious and fluffy coconut-infused pancakes, a delightful Swahili breakfast treat",#,#,#,#,#,#,#,#,#,#,
112,Mango Lassi Smoothie,Beverage,"Mango (1, peeled and diced), Yogurt (1/2 cup), Milk (1/2 cup), Honey (2 tbsp), Cardamom (1/2 tsp)","1. Blend mango, yogurt, milk, honey, and cardamom until smooth. 2. Serve chilled.","A refreshing and tropical smoothie with the goodness of mango, yogurt, and a hint of cardamom",#,#,#,#,#,#,#,#,#,#,
113,Kenyan Lentil Curry,Vegetarian,"Red Lentils (1 cup, cooked), Coconut Milk (1/2 cup), Onion (1), Garlic (2 cloves), Curry Powder (1 tsp), Turmeric (1/2 tsp)","1. Saute onions and garlic. 2. Add cooked red lentils, coconut milk, curry powder, and turmeric. 3. Simmer until flavors meld.","A rich and hearty lentil curry with Kenyan-inspired flavors",#,#,#,#,#,#,#,#,#,#,
114,Sweet Plantain Bites,Appetizer,"Ripe Plantains (2, sliced), Cinnamon (1 tsp), Brown Sugar (2 tbsp), Olive Oil (1 tbsp)","1. Toss plantain slices with cinnamon and brown sugar. 2. Pan-fry until caramelized.","Irresistible sweet plantain bites, perfect for snacking or as a side dish",#,#,#,#,#,#,#,#,#,#,
115,Chai-Spiced Oatmeal,Breakfast,"Oats (1 cup), Milk (1 cup), Chai Spice Mix (1 tsp), Honey (2 tbsp), Almonds (1/4 cup, chopped)","1. Cook oats with milk and chai spice mix until creamy. 2. Drizzle with honey and top with chopped almonds.","A warming and flavorful oatmeal infused with the aromatic spices of chai",#,#,#,#,#,#,#,#,#,#,
116,Spicy Mango Salsa,Appetizer,"Mango (1, diced), Red Onion (1/2, finely chopped), Jalapeño (1, minced), Cilantro (2 tbsp, chopped), Lime Juice (2 tbsp)","1. Combine diced mango, red onion, minced jalapeño, chopped cilantro, and lime juice. 2. Mix well and refrigerate.","A zesty and spicy mango salsa, perfect for dipping or topping grilled dishes",#,#,#,#,#,#,#,#,#,#,
117,Kenyan Coffee Bites,Snack,"Ground Coffee (1/2 cup), Dates (1/2 cup, pitted), Almonds (1/4 cup), Cocoa Powder (2 tbsp), Vanilla Extract (1/2 tsp)","1. Blend ground coffee, pitted dates, almonds, cocoa powder, and vanilla extract. 2. Roll into bite-sized balls.","Energy-boosting coffee-flavored bites, a delightful Kenyan-inspired snack",#,#,#,#,#,#,#,#,#,#,
118,Coconut Fish Curry,Seafood,"White Fish Fillets (4), Coconut Milk (1 cup), Tomato (1, diced), Ginger (1 tsp, grated), Curry Leaves (a few), Turmeric (1/2 tsp)","1. Cook fish in coconut milk with diced tomato, grated ginger, curry leaves, and turmeric. 2. Simmer until fish is cooked.","A tropical twist on fish curry, with the creaminess of coconut and aromatic spices",#,#,#,#,#,#,#,#,#,#,
119,Cucumber Mint Cooler,Beverage,"Cucumber (1, sliced), Mint Leaves (1/4 cup), Lemon Juice (2 tbsp), Sugar (1 tbsp), Soda Water (1 cup)","1. Muddle cucumber slices, mint leaves, lemon juice, and sugar. 2. Top with soda water and stir.","A refreshing and hydrating cooler with the crispness of cucumber and the coolness of mint",#,#,#,#,#,#,#,#,#,#,
120,Nairobi Nachos,Appetizer,"Tortilla Chips (2 cups), Black Beans (1/2 cup, cooked), Cheese (1 cup, shredded), Jalapeños (1/4 cup, sliced), Sour Cream (1/2 cup)","1. Arrange tortilla chips on a plate. 2. Top with black beans, shredded cheese, and sliced jalapeños. 3. Drizzle with sour cream.","A Kenyan-inspired nacho dish with a Nairobi twist, featuring black beans and jalapeños",#,#,#,#,#,#,#,#,#,#,
121,Kienyeji Chicken Stew,Main Dish,"Kienyeji Chicken (1, cut into pieces), Potatoes (2, diced), Carrots (2, sliced), Tomato Sauce (1/2 cup), Paprika (1 tsp)","1. Brown kienyeji chicken. 2. Add diced potatoes, sliced carrots, tomato sauce, and paprika. 3. Simmer until chicken is tender.","A hearty and flavorful chicken stew made with traditional Kienyeji chicken",#,#,#,#,#,#,#,#,#,#,
122,Chapati Pizza,Bread,"Chapati (2), Tomato Sauce (1/2 cup), Bell Peppers (1/2 cup, sliced), Olives (1/4 cup, sliced), Mozzarella Cheese (1/2 cup, shredded)","1. Spread tomato sauce on chapatis. 2. Top with bell peppers, olives, and shredded mozzarella. 3. Bake until cheese is melted.","A fusion of Kenyan and Italian flavors with a chapati-based pizza crust",#,#,#,#,#,#,#,#,#,#,
123,Ginger Lemon Chicken,Main Dish,"Chicken Breast (2), Ginger (1 tbsp, grated), Lemon Juice (2 tbsp), Garlic Powder (1 tsp), Soy Sauce (1 tbsp)","1. Marinate chicken in grated ginger, lemon juice, garlic powder, and soy sauce. 2. Grill or bake until cooked through.","A zesty and tangy chicken dish with the warmth of ginger and the freshness of lemon",#,#,#,#,#,#,#,#,#,#,
124,Spinach and Plantain Salad,Salad,"Baby Spinach (2 cups), Ripe Plantains (2, sliced), Red Onion (1, thinly sliced), Balsamic Vinaigrette (2 tbsp)","1. Toss baby spinach, sliced ripe plantains, and thinly sliced red onion. 2. Drizzle with balsamic vinaigrette.","A unique and nutritious salad combining the earthiness of spinach and the sweetness of ripe plantains",#,#,#,#,#,#,#,#,#,#,
125,Masala Chai Ice Cream,Dessert,"Whole Milk (1 cup), Tea Bags (4), Heavy Cream (1 cup), Sugar (3/4 cup), Cardamom (1/2 tsp)","1. Infuse tea bags in whole milk. 2. Combine with heavy cream, sugar, and cardamom. 3. Churn into ice cream.","A delightful dessert with the spiced warmth of masala chai in a creamy ice cream",#,#,#,#,#,#,#,#,#,#,
126,Avocado Toast,Breakfast,"Whole Grain Bread (2 slices), Avocado (1, mashed), Cherry Tomatoes (1/2 cup, sliced), Olive Oil (1 tbsp), Salt (to taste)","1. Toast whole grain bread slices. 2. Spread mashed avocado on the toast. 3. Top with sliced cherry tomatoes. 4. Drizzle with olive oil and sprinkle with salt.","A trendy and nutritious breakfast option with creamy avocado and fresh tomatoes",#,#,#,#,#,#,#,#,#,#,
127,Sukuma Wiki Omelette,Breakfast,"Eggs (2), Sukuma Wiki (1 cup, chopped), Onion (1/2, finely chopped), Salt (to taste), Black Pepper (to taste)","1. Saute chopped sukuma wiki and onions. 2. Whisk eggs and pour over the veggies. 3. Cook into an omelette. 4. Season with salt and black pepper.","A Kenyan-inspired omelette featuring the vibrant flavors of sukuma wiki",#,#,#,#,#,#,#,#,#,#,
128,Mango Lassi,Beverage,"Ripe Mango (1, peeled and diced), Yogurt (1 cup), Milk (1/2 cup), Honey (2 tbsp), Cardamom Powder (1/2 tsp)","1. Blend ripe mango, yogurt, milk, honey, and cardamom powder until smooth.","A refreshing and sweet yogurt-based drink with the tropical goodness of mango",#,#,#,#,#,#,#,#,#,#,
129,Kachori Chaat,Snack,"Kachori (4), Chickpeas (1/2 cup, boiled), Yogurt (1/2 cup), Tamarind Chutney (2 tbsp), Chaat Masala (1 tsp)","1. Crush kachori and place on a plate. 2. Top with boiled chickpeas, yogurt, tamarind chutney, and chaat masala.","A delightful and flavorful chaat featuring crispy kachori and tangy toppings",#,#,#,#,#,#,#,#,#,#,
130,Sweet Potato Curry,Vegetarian,"Sweet Potatoes (2, diced), Coconut Milk (1 cup), Red Curry Paste (2 tbsp), Bell Peppers (1/2 cup, sliced), Cilantro (for garnish)","1. Cook sweet potatoes in coconut milk with red curry paste. 2. Add sliced bell peppers. 3. Garnish with cilantro.","A vegetarian curry with the sweetness of sweet potatoes and the richness of coconut milk",#,#,#,#,#,#,#,#,#,#,
131,Banana Pancakes,Breakfast,"Ripe Bananas (2), All-Purpose Flour (1 cup), Milk (3/4 cup), Baking Powder (1 tsp), Vanilla Extract (1/2 tsp)","1. Mash ripe bananas. 2. Mix with flour, milk, baking powder, and vanilla extract. 3. Cook into pancakes.","Fluffy and flavorful banana pancakes, a delightful breakfast treat",#,#,#,#,#,#,#,#,#,#,
132,Coconut Chickpea Curry,Vegetarian,"Chickpeas (1 can, drained), Coconut Milk (1 can), Onion (1, finely chopped), Garlic (2 cloves, minced), Curry Powder (1 tbsp)","1. Saute chopped onion and minced garlic. 2. Add drained chickpeas and coconut milk. 3. Stir in curry powder. 4. Simmer until heated through.","A creamy and comforting chickpea curry with the tropical twist of coconut",#,#,#,#,#,#,#,#,#,#,
133,Pineapple Fried Rice,Main Dish,"Cooked Rice (2 cups), Pineapple (1 cup, diced), Shrimp (1/2 cup, cooked), Peas (1/2 cup), Soy Sauce (2 tbsp)","1. Stir-fry cooked rice with diced pineapple, cooked shrimp, peas, and soy sauce.","A tropical twist on fried rice with the sweetness of pineapple and succulent shrimp",#,#,#,#,#,#,#,#,#,#,
134,Mango Chicken Wrap,Bread,"Grilled Chicken Breast (1, sliced), Mango (1/2, sliced), Lettuce (1 cup, shredded), Tortilla Wraps (2), Greek Yogurt (2 tbsp)","1. Arrange grilled chicken, sliced mango, and shredded lettuce on tortilla wraps. 2. Drizzle with Greek yogurt.","A flavorful and light wrap featuring the combination of mango and grilled chicken",#,#,#,#,#,#,#,#,#,#,
135,Pumpkin Soup,Appetizer,"Pumpkin (2 cups, diced), Onion (1, chopped), Vegetable Broth (4 cups), Coconut Cream (1/2 cup), Nutmeg (1/4 tsp)","1. Saute chopped onion. 2. Add diced pumpkin and vegetable broth. 3. Simmer until pumpkin is tender. 4. Blend and stir in coconut cream. 5. Season with nutmeg.","A velvety and comforting pumpkin soup with a hint of coconut cream",#,#,#,#,#,#,#,#,#,#,
136,Chicken Shawarma,Main Dish,"Boneless Chicken Thighs (1 lb), Greek Yogurt (1/2 cup), Garlic (3 cloves, minced), Lemon Juice (2 tbsp), Cumin (1 tsp)","1. Marinate chicken in Greek yogurt, minced garlic, lemon juice, and cumin. 2. Grill until cooked. 3. Serve in flatbreads with your favorite toppings.","A Middle Eastern-inspired dish with flavorful marinated chicken in a wrap",#,#,#,#,#,#,#,#,#,#,
137,Vegetable Biryani,Main Dish,"Basmati Rice (1 cup), Mixed Vegetables (1 cup, diced), Onion (1, sliced), Biryani Masala (2 tsp), Cashews (2 tbsp)","1. Cook basmati rice. 2. Saute sliced onions and mixed vegetables. 3. Layer rice with vegetables, biryani masala, and cashews. 4. Steam until fragrant.","A fragrant and spiced rice dish with a medley of colorful vegetables",#,#,#,#,#,#,#,#,#,#,
138,Black Bean Tacos,Main Dish,"Black Beans (1 can, drained), Corn Tortillas (8), Avocado (1, sliced), Salsa (1/2 cup), Cilantro (for garnish)","1. Heat black beans. 2. Fill corn tortillas with black beans, sliced avocado, salsa, and garnish with cilantro.","A quick and satisfying taco recipe with protein-packed black beans",#,#,#,#,#,#,#,#,#,#,
139,Quinoa Salad,Salad,"Quinoa (1 cup, cooked), Cherry Tomatoes (1 cup, halved), Cucumber (1, diced), Feta Cheese (1/2 cup, crumbled), Balsamic Vinaigrette (2 tbsp)","1. Mix cooked quinoa with halved cherry tomatoes, diced cucumber, and crumbled feta cheese. 2. Drizzle with balsamic vinaigrette.","A refreshing and nutritious salad featuring quinoa, tomatoes, and feta",#,#,#,#,#,#,#,#,#,#,
140,Chicken Satay,Appetizer,"Chicken Breast (1 lb, sliced), Soy Sauce (2 tbsp), Peanut Butter (2 tbsp), Lime Juice (1 tbsp), Sriracha (1 tsp)","1. Marinate chicken in soy sauce, peanut butter, lime juice, and sriracha. 2. Skewer and grill until cooked. 3. Serve with peanut sauce.","A tasty and skewered chicken appetizer with a spicy peanut sauce",#,#,#,#,#,#,#,#,#,#,
141,Greek Salad,Salad,"Cucumbers (2, diced), Cherry Tomatoes (1 cup, halved), Kalamata Olives (1/2 cup, pitted), Feta Cheese (1/2 cup, crumbled), Greek Dressing (2 tbsp)","1. Combine diced cucumbers, halved cherry tomatoes, pitted Kalamata olives, and crumbled feta cheese. 2. Drizzle with Greek dressing.","A classic Greek salad with the freshness of tomatoes, cucumbers, and olives",#,#,#,#,#,#,#,#,#,#,
142,Spaghetti Aglio e Olio,Pasta,"Spaghetti (8 oz), Garlic (4 cloves, thinly sliced), Red Pepper Flakes (1/2 tsp), Olive Oil (1/3 cup), Parsley (1/4 cup, chopped)","1. Cook spaghetti. 2. Saute sliced garlic and red pepper flakes in olive oil. 3. Toss with cooked spaghetti. 4. Garnish with chopped parsley.","A simple and flavorful Italian pasta dish with garlic, olive oil, and red pepper flakes",#,#,#,#,#,#,#,#,#,#,
143,Tofu Stir-Fry,Main Dish,"Extra Firm Tofu (14 oz, cubed), Broccoli (1 cup, florets), Bell Peppers (1 cup, sliced), Soy Sauce (2 tbsp), Ginger (1 tsp, minced)","1. Stir-fry cubed tofu, broccoli florets, and sliced bell peppers in soy sauce and minced ginger.","A quick and healthy tofu stir-fry with vibrant vegetables and savory soy sauce",#,#,#,#,#,#,#,#,#,#,
144,Caprese Sandwich,Bread,"Ciabatta Bread (4 slices), Mozzarella Cheese (8 slices), Tomatoes (2, sliced), Fresh Basil (1/2 cup), Balsamic Glaze (2 tbsp)","1. Assemble sandwiches with ciabatta, mozzarella slices, tomato slices, and fresh basil. 2. Drizzle with balsamic glaze.","A classic Italian sandwich with the perfect combination of tomatoes, mozzarella, and basil",#,#,#,#,#,#,#,#,#,#,
145,Spinach and Feta Stuffed Chicken,Main Dish,"Chicken Breasts (4), Spinach (2 cups, chopped), Feta Cheese (1/2 cup, crumbled), Garlic (2 cloves, minced), Olive Oil (2 tbsp)","1. Mix chopped spinach, crumbled feta, and minced garlic. 2. Cut a pocket in chicken breasts and stuff with the spinach-feta mixture. 3. Roast until chicken is cooked.","A flavorful and cheesy stuffed chicken breast with spinach and feta",#,#,#,#,#,#,#,#,#,#,
146,Lemon Garlic Shrimp,Pasta,"Shrimp (1 lb, peeled and deveined), Linguine Pasta (8 oz), Garlic (4 cloves, minced), Lemon Zest (1 tbsp), Butter (2 tbsp)","1. Cook linguine pasta. 2. Saute minced garlic in butter. 3. Add shrimp and cook until pink. 4. Toss with cooked pasta and lemon zest.","A delightful pasta dish with succulent shrimp, garlic, and zesty lemon",#,#,#,#,#,#,#,#,#,#,
147,Chickpea Salad,Salad,"Chickpeas (1 can, drained), Cherry Tomatoes (1 cup, halved), Cucumber (1, diced), Red Onion (1/2, finely chopped), Feta Cheese (1/2 cup, crumbled)","1. Combine chickpeas, cherry tomatoes, diced cucumber, chopped red onion, and crumbled feta. 2. Toss with your favorite vinaigrette.","A refreshing and protein-packed chickpea salad with vibrant veggies",#,#,#,#,#,#,#,#,#,#,
148,Mushroom Risotto,Main Dish,"Arborio Rice (1 cup), Mushrooms (8 oz, sliced), Onion (1, finely chopped), White Wine (1/2 cup), Parmesan Cheese (1/2 cup, grated)","1. Saute chopped onion and sliced mushrooms. 2. Add Arborio rice and cook until translucent. 3. Deglaze with white wine. 4. Stir in grated Parmesan until creamy.","A creamy and comforting Italian risotto with savory mushrooms",#,#,#,#,#,#,#,#,#,#,
149,BBQ Chicken Pizza,Bread,"Pizza Dough (1 ball), BBQ Sauce (1/2 cup), Cooked Chicken (1 cup, shredded), Red Onion (1/2, thinly sliced), Mozzarella Cheese (1 cup, shredded)","1. Roll out pizza dough. 2. Spread BBQ sauce, shredded chicken, sliced red onion, and mozzarella. 3. Bake until crust is golden.","A homemade pizza with the smoky flavors of BBQ sauce and tender chicken",#,#,#,#,#,#,#,#,#,#,
150,Stuffed Bell Peppers,Main Dish,"Bell Peppers (4), Ground Beef (1 lb), Rice (1/2 cup, cooked), Black Beans (1/2 cup, cooked), Tomato Sauce (1 cup)","1. Cut and hollow bell peppers. 2. Cook ground beef. 3. Mix beef with cooked rice and black beans. 4. Stuff peppers and bake with tomato sauce.","Bell peppers filled with a hearty mixture of beef, rice, and black beans",#,#,#,#,#,#,#,#,#,#,
151,Caprese Pasta Salad,Salad,"Rotini Pasta (8 oz), Cherry Tomatoes (1 cup, halved), Fresh Mozzarella Balls (1/2 cup), Fresh Basil (1/4 cup, chopped), Balsamic Vinaigrette (2 tbsp)","1. Cook rotini pasta. 2. Mix with halved cherry tomatoes, fresh mozzarella, and chopped basil. 3. Drizzle with balsamic vinaigrette.","A refreshing pasta salad inspired by the classic Caprese flavors",#,#,#,#,#,#,#,#,#,#,
152,Shrimp Scampi,Pasta,"Shrimp (1 lb, peeled and deveined), Linguine Pasta (8 oz), Garlic (5 cloves, minced), White Wine (1/2 cup), Lemon Juice (2 tbsp)","1. Cook linguine pasta. 2. Saute minced garlic in olive oil. 3. Add shrimp and cook. 4. Deglaze with white wine and finish with lemon juice.","A garlicky and flavorful shrimp pasta with a hint of white wine",#,#,#,#,#,#,#,#,#,#,
153,Mango Salsa Chicken,Main Dish,"Chicken Breasts (4), Mangoes (2, diced), Red Bell Pepper (1, diced), Red Onion (1/2, finely chopped), Lime Juice (2 tbsp)","1. Grill chicken breasts. 2. Mix diced mangoes, red bell pepper, red onion, and lime juice for salsa. 3. Serve salsa over grilled chicken.","Grilled chicken topped with a refreshing mango salsa",#,#,#,#,#,#,#,#,#,#,
154,Pesto Tortellini,Main Dish,"Cheese Tortellini (1 lb), Cherry Tomatoes (1 cup, halved), Pesto Sauce (1/2 cup), Pine Nuts (2 tbsp, toasted), Parmesan Cheese (1/4 cup, grated)","1. Cook tortellini. 2. Toss with halved cherry tomatoes, pesto sauce, and toasted pine nuts. 3. Garnish with grated Parmesan.","A quick and flavorful tortellini dish with vibrant pesto and tomatoes",#,#,#,#,#,#,#,#,#,#,
155,Banana Walnut Bread,Dessert,"Bananas (3, mashed), Flour (2 cups), Sugar (1 cup), Eggs (2), Walnuts (1 cup, chopped), Baking Soda (1 tsp)","1. Mix mashed bananas, flour, sugar, eggs, chopped walnuts, and baking soda. 2. Bake until golden and a toothpick comes out clean.","A classic banana walnut bread with a perfect blend of sweetness and crunch",#,#,#,#,#,#,#,#,#,#,
156,Chicken Alfredo,Pasta,"Fettuccine Pasta (8 oz), Chicken Breast (2, boneless and skinless), Heavy Cream (1 cup), Parmesan Cheese (1 cup, grated), Garlic (3 cloves, minced)","1. Cook fettuccine pasta. 2. Season and grill chicken breasts. 3. In a pan, heat heavy cream and add minced garlic. 4. Stir in grated Parmesan until creamy. 5. Slice grilled chicken and serve over Alfredo sauce.","Creamy and indulgent Chicken Alfredo pasta with grilled chicken slices",#,#,#,#,#,#,#,#,#,#,
157,Greek Salad,Salad,"Romaine Lettuce (1 head, chopped), Cucumber (1, sliced), Kalamata Olives (1/2 cup), Feta Cheese (1/2 cup, crumbled), Cherry Tomatoes (1 cup, halved), Greek Dressing (3 tbsp)","1. Combine chopped Romaine lettuce, sliced cucumber, Kalamata olives, crumbled feta, and halved cherry tomatoes. 2. Drizzle with Greek dressing.","A refreshing Greek salad with crisp veggies, olives, and tangy feta",#,#,#,#,#,#,#,#,#,#,
158,Beef Tacos,Main Dish,"Ground Beef (1 lb), Taco Seasoning (1 packet), Taco Shells (8), Lettuce (1 cup, shredded), Cheddar Cheese (1 cup, shredded), Tomatoes (2, diced), Sour Cream (1/2 cup)","1. Brown ground beef and add taco seasoning. 2. Fill taco shells with seasoned beef, shredded lettuce, diced tomatoes, shredded cheddar, and a dollop of sour cream.","Classic beef tacos with all the delicious toppings for a flavorful bite",#,#,#,#,#,#,#,#,#,#,
159,Quinoa Salad,Salad,"Quinoa (1 cup, cooked), Chickpeas (1 can, drained), Cucumber (1, diced), Red Bell Pepper (1, diced), Feta Cheese (1/2 cup, crumbled), Red Onion (1/4 cup, finely chopped), Lemon Vinaigrette (2 tbsp)","1. Cook quinoa. 2. Combine cooked quinoa, chickpeas, diced cucumber, diced red bell pepper, crumbled feta, and chopped red onion. 3. Drizzle with lemon vinaigrette.","A nutritious and protein-packed quinoa salad with vibrant veggies",#,#,#,#,#,#,#,#,#,#,
160,Chicken Fajitas,Main Dish,"Chicken Thighs (1 lb, boneless and skinless), Bell Peppers (2, sliced), Onion (1, sliced), Fajita Seasoning (2 tbsp), Flour Tortillas (8)","1. Season and grill chicken thighs. 2. Saute sliced bell peppers and onions with fajita seasoning. 3. Slice grilled chicken and serve with sauteed veggies in warm flour tortillas.","Flavorful chicken fajitas with tender chicken and colorful veggies",#,#,#,#,#,#,#,#,#,#,
161,Caprese Stuffed Chicken,Main Dish,"Chicken Breasts (4), Fresh Mozzarella (4 slices), Cherry Tomatoes (1 cup, halved), Fresh Basil (1/4 cup, chopped), Balsamic Glaze (2 tbsp)","1. Cut a pocket in chicken breasts. 2. Stuff with fresh mozzarella, halved cherry tomatoes, and chopped basil. 3. Bake and drizzle with balsamic glaze.","Chicken breasts stuffed with Caprese ingredients for a delightful twist",#,#,#,#,#,#,#,#,#,#,
162,Vegetable Stir-Fry,Main Dish,"Mixed Vegetables (3 cups, broccoli, bell peppers, snap peas), Tofu (1 cup, cubed), Soy Sauce (2 tbsp), Ginger (1 tsp, minced), Garlic (2 cloves, minced), Sesame Oil (1 tbsp)","1. Stir-fry mixed vegetables and tofu in sesame oil. 2. Add minced ginger and garlic. 3. Drizzle with soy sauce.","A quick and healthy vegetable stir-fry with tofu and Asian flavors",#,#,#,#,#,#,#,#,#,#,
163,Pesto Chicken Pasta,Pasta,"Penne Pasta (8 oz), Chicken Breast (2, boneless and skinless), Pesto Sauce (1/2 cup), Cherry Tomatoes (1 cup, halved), Parmesan Cheese (1/4 cup, grated)","1. Cook penne pasta. 2. Grill chicken breasts and slice. 3. Toss cooked pasta with pesto, sliced chicken, and halved cherry tomatoes. 4. Garnish with grated Parmesan.","A vibrant pesto pasta with grilled chicken and cherry tomatoes",#,#,#,#,#,#,#,#,#,#,
164,Vegan Buddha Bowl,Main Dish,"Quinoa (1 cup, cooked), Chickpeas (1 can, roasted), Sweet Potato (1, roasted), Avocado (1, sliced), Kale (2 cups, massaged), Tahini Dressing (2 tbsp)","1. Arrange quinoa, roasted chickpeas, roasted sweet potato, sliced avocado, and massaged kale in a bowl. 2. Drizzle with tahini dressing.","A nourishing vegan Buddha bowl with a variety of wholesome ingredients",#,#,#,#,#,#,#,#,#,#,
165,Shrimp and Broccoli Stir-Fry,Main Dish,"Shrimp (1 lb, peeled and deveined), Broccoli Florets (3 cups), Soy Sauce (2 tbsp), Hoisin Sauce (1 tbsp), Garlic (3 cloves, minced), Ginger (1 tsp, minced)","1. Stir-fry shrimp and broccoli in a mix of soy sauce and hoisin sauce. 2. Add minced garlic and ginger.","A quick and tasty shrimp and broccoli stir-fry with Asian-inspired flavors",#,#,#,#,#,#,#,#,#,#,
166,Mediterranean Chickpea Salad,Salad,"Chickpeas (1 can, drained), Cherry Tomatoes (1 cup, halved), Cucumber (1, diced), Red Onion (1/4 cup, finely chopped), Kalamata Olives (1/2 cup, sliced), Feta Cheese (1/2 cup, crumbled), Greek Dressing (3 tbsp)","1. Combine chickpeas, cherry tomatoes, diced cucumber, chopped red onion, sliced Kalamata olives, and crumbled feta. 2. Drizzle with Greek dressing.","A refreshing and protein-packed Mediterranean chickpea salad",#,#,#,#,#,#,#,#,#,#,
167,Spinach and Feta Stuffed Chicken,Main Dish,"Chicken Breasts (4), Baby Spinach (2 cups, chopped), Feta Cheese (1/2 cup, crumbled), Garlic (3 cloves, minced), Olive Oil (2 tbsp)","1. Make a pocket in chicken breasts. 2. Stuff with chopped baby spinach, crumbled feta, and minced garlic. 3. Drizzle with olive oil and bake.","Juicy chicken breasts stuffed with spinach and feta for a flavorful meal",#,#,#,#,#,#,#,#,#,#,
168,Vegetarian Tacos,Main Dish,"Black Beans (1 can, drained), Corn Tortillas (8), Avocado (1, sliced), Salsa (1 cup), Red Cabbage (1 cup, shredded), Cilantro (1/4 cup, chopped)","1. Warm black beans. 2. Fill corn tortillas with black beans, sliced avocado, salsa, shredded red cabbage, and chopped cilantro.","Delicious and satisfying vegetarian tacos with vibrant toppings",#,#,#,#,#,#,#,#,#,#,
169,Teriyaki Salmon,Baked Goods,"Salmon Fillets (4), Teriyaki Sauce (1/2 cup), Garlic (2 cloves, minced), Ginger (1 tsp, minced), Green Onions (1/4 cup, chopped)","1. Marinate salmon fillets in teriyaki sauce, minced garlic, and minced ginger. 2. Bake until salmon is flaky. 3. Garnish with chopped green onions.","Succulent teriyaki-glazed salmon with a hint of garlic and ginger",#,#,#,#,#,#,#,#,#,#,
170,Avocado Egg Salad,Salad,"Hard-Boiled Eggs (6, chopped), Avocado (2, mashed), Red Onion (1/4 cup, finely chopped), Dijon Mustard (1 tbsp), Greek Yogurt (2 tbsp), Lemon Juice (1 tbsp)","1. Mix chopped hard-boiled eggs with mashed avocado, chopped red onion, Dijon mustard, Greek yogurt, and lemon juice.","A creamy and nutritious avocado egg salad with a zesty twist",#,#,#,#,#,#,#,#,#,#,
171,Spaghetti Aglio e Olio,Pasta,"Spaghetti (8 oz), Garlic (4 cloves, thinly sliced), Red Pepper Flakes (1/2 tsp), Olive Oil (1/2 cup), Parsley (1/4 cup, chopped), Parmesan Cheese (1/4 cup, grated)","1. Cook spaghetti. 2. Saute thinly sliced garlic and red pepper flakes in olive oil. 3. Toss cooked spaghetti in the garlic-infused oil. 4. Garnish with chopped parsley and grated Parmesan.","A simple yet flavorful spaghetti dish with garlic, olive oil, and a kick of red pepper flakes",#,#,#,#,#,#,#,#,#,#,
172,Chicken Caesar Salad,Salad,"Chicken Breast (2, grilled and sliced), Romaine Lettuce (1 head, chopped), Croutons (1 cup), Parmesan Cheese (1/2 cup, shaved), Caesar Dressing (1/4 cup)","1. Grill and slice chicken breasts. 2. Toss chopped Romaine lettuce with croutons, shaved Parmesan, and grilled chicken. 3. Drizzle with Caesar dressing.","Classic Chicken Caesar salad with grilled chicken, crisp lettuce, and Parmesan",#,#,#,#,#,#,#,#,#,#,
173,Stuffed Bell Peppers,Vegetarian,"Bell Peppers (4, halved and cleaned), Quinoa (1 cup, cooked), Black Beans (1 can, drained), Corn (1 cup, frozen), Salsa (1/2 cup), Taco Seasoning (1 tbsp), Cheddar Cheese (1 cup, shredded)","1. Mix cooked quinoa, black beans, frozen corn, salsa, taco seasoning, and shredded cheddar. 2. Stuff bell peppers with the quinoa mixture. 3. Bake until peppers are tender.","Colorful and flavorful vegetarian stuffed bell peppers with quinoa and beans",#,#,#,#,#,#,#,#,#,#,
174,Salmon Poke Bowl,Main Dish,"Sushi Rice (2 cups, cooked), Salmon Sashimi (1/2 lb, cubed), Avocado (1, sliced), Cucumber (1, julienned), Edamame (1/2 cup, steamed), Soy Sauce (2 tbsp), Sesame Oil (1 tbsp)","1. Arrange sushi rice in a bowl. 2. Top with cubed salmon, sliced avocado, julienned cucumber, and steamed edamame. 3. Drizzle with soy sauce and sesame oil.","A fresh and satisfying salmon poke bowl with a medley of flavors",#,#,#,#,#,#,#,#,#,#,
175,Garlic Butter Shrimp,Pasta,"Shrimp (1 lb, peeled and deveined), Linguine Pasta (8 oz), Garlic (4 cloves, minced), Butter (1/2 cup), Parsley (1/4 cup, chopped), Red Pepper Flakes (1/2 tsp)","1. Cook linguine pasta. 2. Saute minced garlic in butter. 3. Add shrimp and cook until pink. 4. Toss cooked pasta with garlic butter shrimp. 5. Garnish with chopped parsley and red pepper flakes.","Luscious garlic butter shrimp served over perfectly cooked linguine pasta",#,#,#,#,#,#,#,#,#,#,
176,Greek Salad,Salad,"Cucumbers (2, diced), Tomatoes (2, diced), Red Onion (1/2, thinly sliced), Kalamata Olives (1/2 cup), Feta Cheese (1/2 cup, crumbled), Olive Oil (3 tbsp), Red Wine Vinegar (2 tbsp), Oregano (1 tsp)","1. Combine diced cucumbers, tomatoes, thinly sliced red onion, Kalamata olives, and crumbled feta. 2. Drizzle with olive oil and red wine vinegar. 3. Sprinkle with oregano.","A refreshing Greek salad with crisp veggies, olives, and feta",#,#,#,#,#,#,#,#,#,#,
177,Teriyaki Tofu Stir-Fry,Vegetarian,"Extra-Firm Tofu (14 oz, cubed), Broccoli (1 head, florets), Bell Peppers (2, sliced), Snow Peas (1 cup), Carrots (2, julienned), Teriyaki Sauce (1/2 cup), Sesame Seeds (2 tbsp)","1. Stir-fry cubed tofu until golden. 2. Add broccoli, sliced bell peppers, snow peas, and julienned carrots. 3. Pour teriyaki sauce over the stir-fry. 4. Garnish with sesame seeds.","A flavorful and protein-packed teriyaki tofu stir-fry with vibrant veggies",#,#,#,#,#,#,#,#,#,#,
178,Caprese Bruschetta,Appetizer,"Baguette (1, sliced), Tomatoes (4, diced), Fresh Mozzarella (1 cup, diced), Basil (1/2 cup, chopped), Balsamic Glaze (2 tbsp), Olive Oil (2 tbsp)","1. Toast baguette slices. 2. Mix diced tomatoes, fresh mozzarella, and chopped basil. 3. Spoon the mixture onto the baguette slices. 4. Drizzle with balsamic glaze and olive oil.","A delightful twist on classic bruschetta with Caprese flavors",#,#,#,#,#,#,#,#,#,#,
179,Mushroom Risotto,Main Dish,"Arborio Rice (1 cup), Mushrooms (8 oz, sliced), Onion (1, finely chopped), Garlic (2 cloves, minced), White Wine (1/2 cup), Vegetable Broth (4 cups, warm), Parmesan Cheese (1/2 cup, grated), Butter (2 tbsp)","1. Saute chopped onion and minced garlic. 2. Add Arborio rice and sliced mushrooms. 3. Pour in white wine and cook until absorbed. 4. Gradually add warm vegetable broth until the rice is creamy. 5. Stir in grated Parmesan and butter.","Creamy mushroom risotto with Arborio rice and Parmesan",#,#,#,#,#,#,#,#,#,#,
180,Cajun Shrimp and Quinoa,Main Dish,"Shrimp (1 lb, peeled and deveined), Quinoa (1 cup, cooked), Cajun Seasoning (2 tbsp), Bell Peppers (2, sliced), Red Onion (1, sliced), Olive Oil (2 tbsp)","1. Toss shrimp with Cajun seasoning. 2. Saute sliced bell peppers and red onion in olive oil. 3. Add Cajun-seasoned shrimp and cook until pink. 4. Serve over cooked quinoa.","Spicy Cajun shrimp served over a bed of fluffy quinoa",#,#,#,#,#,#,#,#,#,#,
181,Caprese Pasta Salad,Salad,"Rotini Pasta (8 oz, cooked), Cherry Tomatoes (1 pint, halved), Fresh Mozzarella (1 cup, diced), Fresh Basil (1/2 cup, chopped), Balsamic Vinaigrette (1/4 cup), Olive Oil (2 tbsp)","1. Cook rotini pasta. 2. Mix cooked pasta with halved cherry tomatoes, diced fresh mozzarella, and chopped fresh basil. 3. Drizzle with balsamic vinaigrette and olive oil.","A vibrant and flavorful Caprese-inspired pasta salad",#,#,#,#,#,#,#,#,#,#,
182,Sweet Potato and Black Bean Tacos,Vegetarian,"Sweet Potatoes (2, peeled and diced), Black Beans (1 can, drained), Red Onion (1, finely chopped), Cilantro (1/4 cup, chopped), Lime Juice (2 tbsp), Taco Seasoning (1 tbsp), Corn Tortillas (8)","1. Roast sweet potatoes until tender. 2. Mix black beans, chopped red onion, chopped cilantro, lime juice, and taco seasoning. 3. Fill corn tortillas with the sweet potato and black bean mixture.","Hearty and flavorful vegetarian tacos with sweet potatoes and black beans",#,#,#,#,#,#,#,#,#,#,
183,Lemon Garlic Herb Chicken,Main Dish,"Chicken Thighs (4), Lemon (1, sliced), Garlic (4 cloves, minced), Fresh Rosemary (2 tbsp, chopped), Olive Oil (2 tbsp), Salt and Pepper (to taste)","1. Season chicken thighs with minced garlic, chopped fresh rosemary, olive oil, salt, and pepper. 2. Place lemon slices on top. 3. Bake until chicken is golden and cooked through.","Juicy and aromatic lemon garlic herb chicken thighs",#,#,#,#,#,#,#,#,#,#,
184,Greek Yogurt Parfait,Dessert,"Greek Yogurt (2 cups), Granola (1 cup), Mixed Berries (1 cup), Honey (2 tbsp)","1. Layer Greek yogurt, granola, and mixed berries in a glass. 2. Drizzle with honey. 3. Repeat layers as desired.","A wholesome and delicious Greek yogurt parfait with fresh berries",#,#,#,#,#,#,#,#,#,#,
185,Sesame Ginger Tofu Stir-Fry,Vegetarian,"Extra-Firm Tofu (14 oz, cubed), Broccoli (1 head, florets), Snow Peas (1 cup), Carrots (2, julienned), Soy Sauce (3 tbsp), Sesame Oil (1 tbsp), Ginger (1 tbsp, minced), Garlic (2 cloves, minced)","1. Stir-fry cubed tofu until golden. 2. Add broccoli, snow peas, julienned carrots, minced ginger, and minced garlic. 3. Pour soy sauce and sesame oil over the stir-fry.","A flavorful and satisfying sesame ginger tofu stir-fry with crunchy veggies",#,#,#,#,#,#,#,#,#,#,
186,Quinoa and Black Bean Stuffed Peppers,Vegetarian,"Quinoa (1 cup, cooked), Black Beans (1 can, drained), Bell Peppers (4), Onion (1, diced), Corn (1 cup, cooked), Cumin (1 tsp), Chili Powder (1 tsp), Shredded Cheese (1/2 cup)","1. Preheat oven to 375°F. 2. Cut bell peppers in half and remove seeds. 3. In a bowl, mix cooked quinoa, black beans, diced onion, corn, cumin, and chili powder. 4. Stuff each pepper half with the quinoa mixture. 5. Top with shredded cheese. 6. Bake until peppers are tender and cheese is melted.","Vegetarian stuffed peppers filled with quinoa, black beans, and flavorful spices",#,#,#,#,#,#,#,#,#,#,
187,Crispy Baked Zucchini Fries,Appetizer,"Zucchini (2, cut into fries), Panko Bread Crumbs (1 cup), Parmesan Cheese (1/2 cup, grated), Egg (2, beaten), Italian Seasoning (1 tsp), Marinara Sauce (for dipping)","1. Preheat oven to 425°F. 2. Dip zucchini fries in beaten egg. 3. Coat with a mixture of Panko bread crumbs, grated Parmesan, and Italian seasoning. 4. Place on a baking sheet and bake until crispy. 5. Serve with marinara sauce for dipping.","Delicious and healthy crispy baked zucchini fries with a golden crust",#,#,#,#,#,#,#,#,#,#,
188,Spinach and Feta Stuffed Chicken Breast,Main Dish,"Chicken Breasts (4), Spinach (2 cups, cooked and chopped), Feta Cheese (1/2 cup, crumbled), Garlic (3 cloves, minced), Olive Oil (2 tbsp), Salt and Pepper (to taste)","1. Preheat oven to 375°F. 2. Make a pocket in each chicken breast. 3. In a bowl, mix cooked and chopped spinach, crumbled feta, minced garlic, salt, and pepper. 4. Stuff each chicken breast with the spinach and feta mixture. 5. Sear in olive oil, then bake until chicken is cooked through.","Juicy chicken breasts stuffed with a savory mixture of spinach and feta",#,#,#,#,#,#,#,#,#,#,
189,Avocado and Black Bean Salad,Salad,"Black Beans (1 can, drained), Avocado (2, diced), Corn (1 cup, cooked), Red Onion (1/2, finely chopped), Cilantro (1/4 cup, chopped), Lime Juice (2 tbsp), Olive Oil (2 tbsp), Salt and Pepper (to taste)","1. In a bowl, combine black beans, diced avocado, cooked corn, chopped red onion, and chopped cilantro. 2. Drizzle with lime juice and olive oil. 3. Season with salt and pepper.","A refreshing salad with black beans, avocado, and a zesty lime dressing",#,#,#,#,#,#,#,#,#,#,
190,Chicken Alfredo Pasta,Main Dish,"Fettuccine Pasta (8 oz, cooked), Chicken Breasts (2, cooked and sliced), Heavy Cream (1 cup), Parmesan Cheese (1 cup, grated), Butter (2 tbsp), Garlic (3 cloves, minced), Salt and Pepper (to taste)","1. Cook fettuccine pasta. 2. In a saucepan, melt butter and sauté minced garlic. 3. Pour in heavy cream and bring to a simmer. 4. Stir in grated Parmesan until the sauce is smooth. 5. Toss cooked pasta with the Alfredo sauce. 6. Top with sliced cooked chicken breasts. 7. Season with salt and pepper.","Creamy and indulgent chicken Alfredo pasta with homemade Alfredo sauce",#,#,#,#,#,#,#,#,#,#,
191,Mango Salsa,Appetizer,"Mango (2, diced), Red Bell Pepper (1, diced), Red Onion (1/2, finely chopped), Jalapeño (1, seeded and minced), Cilantro (1/4 cup, chopped), Lime Juice (2 tbsp), Salt (1/2 tsp)","1. In a bowl, combine diced mango, diced red bell pepper, finely chopped red onion, minced jalapeño, and chopped cilantro. 2. Drizzle with lime juice. 3. Season with salt.","A sweet and spicy mango salsa with vibrant colors and flavors",#,#,#,#,#,#,#,#,#,#,
192,Shrimp Scampi with Linguine,Seafood,"Linguine Pasta (8 oz, cooked), Shrimp (1 lb, peeled and deveined), White Wine (1/2 cup), Garlic (4 cloves, minced), Lemon Juice (2 tbsp), Red Pepper Flakes (1/2 tsp), Parsley (1/4 cup, chopped), Olive Oil (3 tbsp)","1. Cook linguine pasta. 2. In a skillet, sauté minced garlic in olive oil. 3. Add shrimp and cook until pink. 4. Pour in white wine and lemon juice. 5. Toss cooked pasta with shrimp, white wine sauce, and red pepper flakes. 6. Garnish with chopped parsley.","A classic shrimp scampi served over linguine with a flavorful white wine sauce",#,#,#,#,#,#,#,#,#,#,
193,Stuffed Portobello Mushrooms,Appetizer,"Portobello Mushrooms (4), Spinach (2 cups, cooked and chopped), Feta Cheese (1/2 cup, crumbled), Garlic (3 cloves, minced), Balsamic Glaze (2 tbsp), Olive Oil (2 tbsp), Salt and Pepper (to taste)","1. Preheat oven to 375°F. 2. Remove stems from portobello mushrooms. 3. In a bowl, mix cooked and chopped spinach, crumbled feta, minced garlic, salt, and pepper. 4. Stuff each mushroom cap with the spinach and feta mixture. 5. Drizzle with balsamic glaze and olive oil. 6. Bake until mushrooms are tender.","Savory stuffed portobello mushrooms with spinach, feta, and balsamic glaze",#,#,#,#,#,#,#,#,#,#,
194,Lemon Blueberry Pancakes,Breakfast,"Pancake Mix (2 cups), Milk (1 1/2 cups), Eggs (2), Lemon Zest (1 tbsp), Blueberries (1 cup), Butter (for cooking)","1. In a bowl, mix pancake mix, milk, eggs, and lemon zest. 2. Gently fold in blueberries. 3. Cook pancakes on a griddle with butter.","Fluffy and flavorful lemon blueberry pancakes for a delightful breakfast",#,#,#,#,#,#,#,#,#,#,
195,Baked Salmon with Dill,Seafood,"Salmon Fillets (4), Fresh Dill (1/4 cup, chopped), Lemon (1, sliced), Olive Oil (2 tbsp), Salt and Pepper (to taste)","1. Preheat oven to 400°F. 2. Place salmon fillets on a baking sheet. 3. Rub with olive oil and season with chopped fresh dill, salt, and pepper. 4. Top with lemon slices. 5. Bake until salmon is flaky.","Healthy and delicious baked salmon with a zesty dill seasoning",#,#,#,#,#,#,#,#,#,#,
